title,url_questões,url_modules,number,id
Português,https://www.qconcursos.com/questoes-do-enem/disciplinas/letras-portugues/questoes,https://www.qconcursos.com/questoes-do-enem/disciplinas/letras-portugues,972,85d81623-ebd8-4758-b39c-2c23f13fcb94
Matemática,https://www.qconcursos.com/questoes-do-enem/disciplinas/matematica-matematica/questoes,https://www.qconcursos.com/questoes-do-enem/disciplinas/matematica-matematica,1159,3d0b1567-6d12-4099-ab40-dc3b8a753eab
História,https://www.qconcursos.com/questoes-do-enem/disciplinas/historia-historia/questoes,https://www.qconcursos.com/questoes-do-enem/disciplinas/historia-historia,518,21180166-1671-4176-91a9-50bbac3b5184
Geografia,https://www.qconcursos.com/questoes-do-enem/disciplinas/geografia-geografia/questoes,https://www.qconcursos.com/questoes-do-enem/disciplinas/geografia-geografia,456,67107db1-ed05-421b-936b-06068c16a0a7
Biologia,https://www.qconcursos.com/questoes-do-enem/disciplinas/biologia-biologia/questoes,https://www.qconcursos.com/questoes-do-enem/disciplinas/biologia-biologia,519,fd9f3224-7d80-4c13-8ff5-23e5450705ba
Química,https://www.qconcursos.com/questoes-do-enem/disciplinas/quimica-quimica/questoes,https://www.qconcursos.com/questoes-do-enem/disciplinas/quimica-quimica,386,641abec6-1be3-4114-a659-b1721ffb3d8f
Física,https://www.qconcursos.com/questoes-do-enem/disciplinas/fisica-fisica/questoes,https://www.qconcursos.com/questoes-do-enem/disciplinas/fisica-fisica,375,67317c65-df6c-4d63-a232-7f5934600bf7
Inglês,https://www.qconcursos.com/questoes-do-enem/disciplinas/letras-ingles/questoes,https://www.qconcursos.com/questoes-do-enem/disciplinas/letras-ingles,120,542dab1a-10f3-4e6f-a817-c31ade938fbd
Sociologia,https://www.qconcursos.com/questoes-do-enem/disciplinas/ciencias-sociais-sociologia/questoes,https://www.qconcursos.com/questoes-do-enem/disciplinas/ciencias-sociais-sociologia,107,17123ef7-fceb-4d42-a351-12d15090fe6d
Filosofia,https://www.qconcursos.com/questoes-do-enem/disciplinas/filosofia-filosofia/questoes,https://www.qconcursos.com/questoes-do-enem/disciplinas/filosofia-filosofia,139,fc3c593f-722a-436d-b186-4fead7ec7d53
Literatura,https://www.qconcursos.com/questoes-do-enem/disciplinas/letras-literatura/questoes,https://www.qconcursos.com/questoes-do-enem/disciplinas/letras-literatura,46,3187cc5a-9c3d-4a6e-8a4a-0acd3bc5f2b0
Espanhol,https://www.qconcursos.com/questoes-do-enem/disciplinas/letras-espanhol/questoes,https://www.qconcursos.com/questoes-do-enem/disciplinas/letras-espanhol,120,d51b2b7d-2413-4f6d-8fb8-d3ce6b64a6f8
Educação Física,https://www.qconcursos.com/questoes-do-enem/disciplinas/educacao-fisica-educacao-fisica/questoes,https://www.qconcursos.com/questoes-do-enem/disciplinas/educacao-fisica-educacao-fisica,3,18722909-9e82-4507-adf7-230d4d0e4a4d
Conhecimentos Gerais,https://www.qconcursos.com/questoes-do-enem/disciplinas/historia-conhecimentos-gerais/questoes,https://www.qconcursos.com/questoes-do-enem/disciplinas/historia-conhecimentos-gerais,17,57653a03-763a-458f-a4a4-f08bac5e9e5c
Educação Artística,https://www.qconcursos.com/questoes-do-enem/disciplinas/artes-educacao-artistica/questoes,https://www.qconcursos.com/questoes-do-enem/disciplinas/artes-educacao-artistica,17,8dc93417-8854-490c-935b-5e53fe2c2df9
